{"last_stop_time": 1773720367.026824, "last_played": {"task.complete": "sounds/PeonYesAttack1.wav", "session.start": "sounds/PeonReady1.wav", "input.required": "sounds/PeonWhat1.wav"}, "session_start_times": {"3ad43c9f-199d-43a5-94ee-e7232b9371c7": 1771000904.05459, "4ed59311-b9dd-409e-bbcb-01f32473809f": 1771058244.329174, "1c112c61-9477-4202-aaf7-ed74071080b8": 1771057774.8185961, "7658ba72-bfdc-46df-87c0-3f61fe62f6d3": 1771145650.4694679, "44c0a991-b691-41c8-823b-174084b00a07": 1771238360.6064699, "7ebaabf5-e63f-487b-bea3-262458d876c8": 1771239136.7583208, "34a00654-ba65-421d-bbbe-23c12d1df908": 1771245402.640764, "49c13534-97c3-46c3-af3c-c54a80820c08": 1771246037.77216, "135a8516-c37a-4cbf-8f91-c184103764ef": 1771250053.302603, "dd25a9e2-b907-4536-9cb8-187a22ab529c": 1771328153.7548668, "69b5eeab-ac82-42e9-8210-ab5def8184f1": 1771327680.457549, "a11eb639-d85a-4ee0-b0e7-1fa2492b9bd6": 1771327736.8096662, "45a71e48-39ae-4710-b533-cd42ad56284a": 1771328146.3570821, "b4b44f55-7916-4a90-8367-dbfb7f51ffa4": 1771328489.567796, "851f4535-0f8b-4e3c-9040-45c5eea6b714": 1771329295.583092, "5250a3eb-d607-4994-b8fd-d001b4dd72e0": 1771351950.726203, "e71ea51c-7bf1-43ff-9af3-5c651c561d35": 1772161185.555331, "b4cde619-0e0b-403a-afba-65fb0e79aaf2": 1772161726.684043, "b2e2c39d-cd7e-4fdd-baf8-c9675d2c6702": 1772198882.419908, "52112945-5a53-4645-a360-7264bb571755": 1772255859.089885, "00458a5c-9917-4754-9f82-4c48947dcdb9": 1772265822.719061, "2458d2d6-5ae1-4bce-ad88-7bce4a1d40d3": 1772274611.484461, "2d5462db-5242-4f0a-b3e9-a380b8f653e6": 1772283859.748501, "97c288ff-826b-4bd4-9b62-43a063a52a77": 1772284217.101961, "b5e623a0-3875-4331-b7ec-837a87c8699c": 1772294303.0391371, "f93fced5-07b0-4787-96a8-c8cb998a8a3f": 1772351719.874851, "f999d805-7986-4b93-98d7-aece5ebdd1c3": 1772382396.943826, "54496101-c612-4950-b5e7-c62e83734be5": 1772382754.7411609, "3774354e-a4ed-470a-a590-8905fd155b2b": 1772384767.097077, "1f0f22f2-ed13-4b5f-9005-4fbe8cea7bca": 1772424263.353334, "c0e93c0e-ed61-450a-8c88-a063f7a939d8": 1772427763.1208918, "b051d583-2cc2-4743-a88c-763c1fa5ed1f": 1772429193.4287858, "e5d72ca4-bc98-4855-8edf-556b4874f2a4": 1772430130.5462348, "70115f60-f0a0-4243-9c63-d3bcfbb8288d": 1772431203.5132911, "aaa2a303-4432-40ef-a67c-8942db72b74f": 1772436358.2900438, "09d1e79f-f0ce-4238-802c-0afb571366dc": 1772514185.368468, "d125ed75-f6ea-4172-87e1-cd082a7e1632": 1772518318.707757, "45077f26-2031-42c3-842a-9f423ea4c772": 1772518343.080033, "4c687b54-9e17-4fdf-bf97-fad50acc1dbd": 1772520854.276086, "9bf15fc6-a3f5-4b13-b8c6-db9e5d882736": 1772528125.232356, "6286bb52-0c2c-4a10-bff4-e65f9f8dadf7": 1772529259.9945998, "da3f9af2-36f4-4b3f-a62e-7b225e17efaf": 1772529716.496042, "5ba2e19a-241b-427c-8392-3970e40e832d": 1772532700.2669098, "d3c82865-8a6b-4fdb-b03b-8343a60eeb94": 1772534124.3142028, "7d96e75c-2453-488d-86e2-e83ed03a3b2e": 1772544172.033939, "5daac5e3-1c30-49f6-a52c-d18cfb3d4ac3": 1772545392.0566669, "9041b77f-cf9a-4bfa-9ef7-0c0d54290ec3": 1772545500.106734, "4574ed98-d539-41af-8b3f-bba90829e25b": 1772546454.151542, "15bf87a6-9a70-4542-a57c-9d5a734a3374": 1772554133.223865, "a233ee2f-2d32-4a62-a565-d7517340f495": 1772556083.237867, "d6540c6b-e570-4360-a2a4-56fed0529902": 1772556544.179231, "5eed5f82-d92c-45ca-a976-90fe86410d2b": 1772556551.187715, "3bb16904-90b5-483e-9c43-c6013ee44090": 1772592397.36698, "099d8079-02bc-4b98-aa1a-8867a9c212e4": 1772588328.160651, "309cb1c7-82ca-4238-9f87-3358e03dc206": 1772592382.38885, "87190b92-f5d6-441f-8b01-08b06701a3ac": 1772592430.3004959, "23c47f1b-f821-492d-8a69-e80dd2a1aa82": 1772592439.024909, "c3553a7f-ebd2-4b2e-a182-5d8d4752b809": 1772596159.559461, "d775f03d-afab-42cc-8a08-7903a929bc15": 1772604167.970817, "18c9fcdb-7500-4697-b10a-cc8feadbbe41": 1772608895.46106, "8547a541-a652-4712-adfe-fab39eda9ec7": 1772610907.945945, "ab91f5e4-bcff-49b9-9221-c5ba544770ab": 1772625022.0091689, "452b457c-8699-488f-b3b4-ec014003eb13": 1772626436.1155689, "efedf56f-0d02-4990-a745-2f462923e878": 1772627635.542309, "8c5a9e48-367c-4de2-8a46-78beabe4bb11": 1772629742.177891, "b184e0ff-4bb1-4ac5-bbed-73791776adcc": 1772682869.06581, "61a33d55-2939-4b2a-a5d2-4117c0c594e2": 1772683038.5139241, "4384cb35-a484-4031-aaae-6c1ca4d4cb56": 1772685480.606944, "d545e5c6-bdf0-49e7-955c-f4393b91fd4b": 1772689514.1953862, "a72bdbe6-6a8c-4b97-af3b-772671c54b01": 1772693898.447825, "51664ad6-6d74-48f0-9e5d-625153c2ad23": 1772693900.4621692, "a3fb145d-7451-4f22-a759-50677d17b094": 1772709365.9749818, "b28004fe-cd14-4c54-afed-c53984254e79": 1772712977.800568, "55a26e05-c7ff-4bbd-8027-f7ecda590294": 1772715362.2029781, "52c3312b-385a-4085-8b77-f2ec9e96b592": 1772716343.25406, "2eb44a2e-6489-49f5-9f01-59bc1d1a5658": 1772717551.4161952, "7e92a6c9-1cba-4aae-8b39-75cc9a314350": 1772764838.377909, "3f46828e-1f71-4c0b-9eb9-153d1d2bbc46": 1772796806.523148, "f0b5a2a5-b2bf-4e7a-a958-f25d21a604e4": 1772866408.2535691, "fa5f424f-8826-470a-a5ad-09d9fb112814": 1773110380.8505778, "3264d7f9-0bee-4988-92ac-1518f1262e70": 1773111143.639678, "c85d1378-7b6d-4462-b073-c5d74c6b813a": 1773129247.742265, "57b2d949-0854-4e78-9ff4-f8a8026fd0c0": 1773134806.798935, "7e1b04d4-daa3-4e41-8073-517cb76f7906": 1773142013.0473878, "c1a9b2ad-e412-450e-8da6-f40ff555a0a6": 1773142371.878835, "f9e5a9b3-a494-4e79-9d81-77979c9ffec8": 1773142478.6752279, "610ad8dc-9006-4453-8f61-1b49e94a4fd6": 1773217601.1449559, "0cd45c2a-234b-4fc0-bf5d-9ab32ba6074d": 1773301031.309363, "dc346945-f2df-40ed-a764-aef304d1f76e": 1773301135.885383, "50d2f897-877c-447c-9786-6bcba257aa36": 1773301479.768739, "39c3cf27-72e8-4ad5-ae9f-3efde63f83f8": 1773393761.566015, "4cf19897-ef49-4ae9-94e3-3da5d4b045bc": 1773628833.902427, "16414668-3947-4a48-8e70-c9cea7507bbf": 1773629168.0454762}, "prompt_timestamps": {"4ed59311-b9dd-409e-bbcb-01f32473809f": [1771074067.544728], "7658ba72-bfdc-46df-87c0-3f61fe62f6d3": [1771145660.062242], "44c0a991-b691-41c8-823b-174084b00a07": [1771239058.555865], "7ebaabf5-e63f-487b-bea3-262458d876c8": [1771245355.919765], "34a00654-ba65-421d-bbbe-23c12d1df908": [1771245460.591064], "49c13534-97c3-46c3-af3c-c54a80820c08": [1771250038.569389], "dd25a9e2-b907-4536-9cb8-187a22ab529c": [1771328294.6827352], "b4b44f55-7916-4a90-8367-dbfb7f51ffa4": [1771328549.6719732], "851f4535-0f8b-4e3c-9040-45c5eea6b714": [1771345743.6697211], "e71ea51c-7bf1-43ff-9af3-5c651c561d35": [1772161578.771227], "b4cde619-0e0b-403a-afba-65fb0e79aaf2": [1772198158.443337], "b2e2c39d-cd7e-4fdd-baf8-c9675d2c6702": [1772198924.45119], "52112945-5a53-4645-a360-7264bb571755": [1772265725.7687528], "00458a5c-9917-4754-9f82-4c48947dcdb9": [1772268125.7537951], "2458d2d6-5ae1-4bce-ad88-7bce4a1d40d3": [1772283497.7864268], "2d5462db-5242-4f0a-b3e9-a380b8f653e6": [1772283932.3867269], "97c288ff-826b-4bd4-9b62-43a063a52a77": [1772294119.6689868], "b5e623a0-3875-4331-b7ec-837a87c8699c": [1772351113.1294332], "f93fced5-07b0-4787-96a8-c8cb998a8a3f": [1772363741.911257], "f999d805-7986-4b93-98d7-aece5ebdd1c3": [1772384429.819917], "54496101-c612-4950-b5e7-c62e83734be5": [1772383013.19348], "3774354e-a4ed-470a-a590-8905fd155b2b": [1772389248.996974], "1f0f22f2-ed13-4b5f-9005-4fbe8cea7bca": [1772425666.586606], "c0e93c0e-ed61-450a-8c88-a063f7a939d8": [1772428950.1776881], "b051d583-2cc2-4743-a88c-763c1fa5ed1f": [1772429842.150264], "e5d72ca4-bc98-4855-8edf-556b4874f2a4": [1772431163.769543], "70115f60-f0a0-4243-9c63-d3bcfbb8288d": [1772435170.1530821], "aaa2a303-4432-40ef-a67c-8942db72b74f": [1772510748.254858], "09d1e79f-f0ce-4238-802c-0afb571366dc": [1772518083.764073], "45077f26-2031-42c3-842a-9f423ea4c772": [1772520813.168515], "4c687b54-9e17-4fdf-bf97-fad50acc1dbd": [1772524077.636647], "9bf15fc6-a3f5-4b13-b8c6-db9e5d882736": [1772528633.752057], "6286bb52-0c2c-4a10-bff4-e65f9f8dadf7": [1772529286.840383], "da3f9af2-36f4-4b3f-a62e-7b225e17efaf": [1772530260.20964], "5ba2e19a-241b-427c-8392-3970e40e832d": [1772533572.579353], "d3c82865-8a6b-4fdb-b03b-8343a60eeb94": [1772534177.3180869],